ground_truth_label,ground_truth_explanation,prompt,name,span_kind,parent_id,start_time,end_time,status_code,status_message,events,context.span_id,context.trace_id,attributes.input.mime_type,attributes.output.value,attributes.openinference.span.kind,attributes.success,attributes.query,attributes.output.mime_type,attributes.id,attributes.trace_num,attributes.dietary_restriction,attributes.input.value
PASS,"The recipe adheres to the vegan dietary restriction as it contains no animal products. All ingredients used, such as whole wheat flour, cocoa powder, almond milk, and maple syrup, are plant-based. The recipe also avoids refined sugar by using natural sweeteners like ripe bananas, applesauce, and maple syrup. The preparation method does not involve any non-vegan processes.","You are an expert nutritionist and dietary specialist. Your task is to evaluate whether a recipe response properly adheres to the specified dietary restriction.

DIETARY RESTRICTION DEFINITIONS:
- Vegan: No animal products (meat, dairy, eggs, honey, etc.)
- Vegetarian: No meat or fish, but dairy and eggs are allowed
- Gluten-free: No wheat, barley, rye, or other gluten-containing grains
- Dairy-free: No milk, cheese, butter, yogurt, or other dairy products
- Keto: Very low carb (typically <20g net carbs), high fat, moderate protein
- Paleo: No grains, legumes, dairy, refined sugar, or processed foods
- Pescatarian: No meat except fish and seafood
- Kosher: Follows Jewish dietary laws (no pork, shellfish, mixing meat/dairy)
- Halal: Follows Islamic dietary laws (no pork, alcohol, proper slaughter)
- Nut-free: No tree nuts or peanuts
- Low-carb: Significantly reduced carbohydrates (typically <50g per day)
- Sugar-free: No added sugars or high-sugar ingredients
- Raw vegan: Vegan foods not heated above 118°F (48°C)
- Whole30: No grains, dairy, legumes, sugar, alcohol, or processed foods
- Diabetic-friendly: Low glycemic index, controlled carbohydrates
- Low-sodium: Reduced sodium content for heart health

EVALUATION CRITERIA:
- PASS: The recipe clearly adheres to the dietary restriction with appropriate ingredients and preparation methods
- FAIL: The recipe contains ingredients or methods that violate the dietary restriction
- Consider both explicit ingredients and cooking methods
- Be strict but reasonable in your evaluation

Please analyze the query, dietary restriction, and recipe response, then provide your evaluation.

Query: Vegan chocolate cake for my birthday but I'm also trying to avoid refined sugar
Dietary Restriction: vegan
Recipe Response: Here's a delightful recipe for a Vegan Chocolate Cake that is refined sugar-free, perfect for your birthday! This recipe serves 2 but can easily be doubled or adjusted to serve more.

### Vegan Refined Sugar-Free Chocolate Cake

#### Ingredients:
- 1 cup whole wheat flour (or spelt flour for a lighter texture)
- 1/4 cup unsweetened cocoa powder
- 1/2 teaspoon baking soda
- 1/2 teaspoon baking powder
- 1/4 teaspoon salt
- 1/2 cup ripe bananas, mashed (about 1 medium banana)
- 1/4 cup unsweetened applesauce
- 1/2 cup almond milk (or any non-dairy milk)
- 1/4 cup maple syrup (for sweetness)
- 1 teaspoon vanilla extract

#### Instructions:

**1. Preheat Your Oven:**
   - Begin by preheating your oven to 350°F (175°C). Grease a small cake pan (or line it with parchment paper) to ensure your cake doesn't stick.

**2. Combine Dry Ingredients:**
   - In a mixing bowl, sift together the whole wheat flour, cocoa powder, baking soda, baking powder, and salt. This helps to aerate the flour and incorporate the leavening agents evenly.

**3. Mix Wet Ingredients:**
   - In a separate bowl, combine the mashed banana, applesauce, almond milk, maple syrup, and vanilla extract. Whisk these ingredients together until smooth. The bananas will add natural sweetness and moisture, while the applesauce keeps the cake tender.

**4. Combine Wet and Dry Mixtures:**
   - Pour the wet mixture into the bowl of dry ingredients. Gently fold them together using a spatula or wooden spoon until just combined. Be careful not to overmix; a few lumps are perfectly fine.

**5. Bake the Cake:**
   - Transfer the batter into the prepared cake pan, smoothing the top with the spatula. Bake in the preheated oven for about 25-30 minutes, or until a toothpick inserted into the center comes out clean.

**6. Cool and Serve:**
   - Once baked, remove the cake from the oven and allow it to cool in the pan for 10 minutes. Then, carefully transfer it to a wire rack to cool completely.

**7. Optional Toppings:**
   - For added flair, you can top the cake with a sprinkle of cocoa powder or a glaze made from melted dark chocolate (ensure it's dairy-free) mixed with a little almond milk for a slightly runny consistency.

Enjoy your rich, moist, and guilt-free vegan chocolate cake as you celebrate your birthday!

Return your response in this exact format:
""explanation"": ""Detailed explanation of your evaluation, citing specific ingredients or methods"",
""label"": ""PASS"" or ""FAIL"",
",Query_Information,CHAIN,,2025-08-05 03:00:28.237274+00:00,2025-08-05 03:00:41.112452+00:00,UNSET,,[],adc4b5c792061ee2,70bf03c053ba1304024e7684ced16351,text/plain,"Here's a delightful recipe for a Vegan Chocolate Cake that is refined sugar-free, perfect for your birthday! This recipe serves 2 but can easily be doubled or adjusted to serve more.

### Vegan Refined Sugar-Free Chocolate Cake

#### Ingredients:
- 1 cup whole wheat flour (or spelt flour for a lighter texture)
- 1/4 cup unsweetened cocoa powder
- 1/2 teaspoon baking soda
- 1/2 teaspoon baking powder
- 1/4 teaspoon salt
- 1/2 cup ripe bananas, mashed (about 1 medium banana)
- 1/4 cup unsweetened applesauce
- 1/2 cup almond milk (or any non-dairy milk)
- 1/4 cup maple syrup (for sweetness)
- 1 teaspoon vanilla extract

#### Instructions:

**1. Preheat Your Oven:**
   - Begin by preheating your oven to 350°F (175°C). Grease a small cake pan (or line it with parchment paper) to ensure your cake doesn't stick.

**2. Combine Dry Ingredients:**
   - In a mixing bowl, sift together the whole wheat flour, cocoa powder, baking soda, baking powder, and salt. This helps to aerate the flour and incorporate the leavening agents evenly.

**3. Mix Wet Ingredients:**
   - In a separate bowl, combine the mashed banana, applesauce, almond milk, maple syrup, and vanilla extract. Whisk these ingredients together until smooth. The bananas will add natural sweetness and moisture, while the applesauce keeps the cake tender.

**4. Combine Wet and Dry Mixtures:**
   - Pour the wet mixture into the bowl of dry ingredients. Gently fold them together using a spatula or wooden spoon until just combined. Be careful not to overmix; a few lumps are perfectly fine.

**5. Bake the Cake:**
   - Transfer the batter into the prepared cake pan, smoothing the top with the spatula. Bake in the preheated oven for about 25-30 minutes, or until a toothpick inserted into the center comes out clean.

**6. Cool and Serve:**
   - Once baked, remove the cake from the oven and allow it to cool in the pan for 10 minutes. Then, carefully transfer it to a wire rack to cool completely.

**7. Optional Toppings:**
   - For added flair, you can top the cake with a sprinkle of cocoa powder or a glaze made from melted dark chocolate (ensure it's dairy-free) mixed with a little almond milk for a slightly runny consistency.

Enjoy your rich, moist, and guilt-free vegan chocolate cake as you celebrate your birthday!",CHAIN,True,Vegan chocolate cake for my birthday but I'm also trying to avoid refined sugar,text/plain,13,10,vegan,Vegan chocolate cake for my birthday but I'm also trying to avoid refined sugar
FAIL,"The recipe response attempts to modify a traditional fruit cake to be more diabetic-friendly by reducing sugar content and using a sugar substitute. However, there are several concerns. Firstly, the use of honey, even though it is a natural sweetener, can still impact blood sugar levels significantly. A sugar substitute like stevia is a better option, but the recipe suggests using honey as an alternative, which is not ideal for a diabetic-friendly recipe. Additionally, the inclusion of whole wheat flour, while healthier than refined flour, still contains carbohydrates that can affect blood sugar. Almond flour is suggested as an alternative, which is a better choice for controlling blood sugar. The use of unsweetened applesauce and low-sugar fruits is appropriate, but the recipe could be improved by eliminating honey entirely and using only low-glycemic sweeteners. Overall, while the recipe makes some adjustments, it does not fully adhere to diabetic-friendly guidelines due to the potential impact of honey and whole wheat flour on blood sugar levels.","You are an expert nutritionist and dietary specialist. Your task is to evaluate whether a recipe response properly adheres to the specified dietary restriction.

DIETARY RESTRICTION DEFINITIONS:
- Vegan: No animal products (meat, dairy, eggs, honey, etc.)
- Vegetarian: No meat or fish, but dairy and eggs are allowed
- Gluten-free: No wheat, barley, rye, or other gluten-containing grains
- Dairy-free: No milk, cheese, butter, yogurt, or other dairy products
- Keto: Very low carb (typically <20g net carbs), high fat, moderate protein
- Paleo: No grains, legumes, dairy, refined sugar, or processed foods
- Pescatarian: No meat except fish and seafood
- Kosher: Follows Jewish dietary laws (no pork, shellfish, mixing meat/dairy)
- Halal: Follows Islamic dietary laws (no pork, alcohol, proper slaughter)
- Nut-free: No tree nuts or peanuts
- Low-carb: Significantly reduced carbohydrates (typically <50g per day)
- Sugar-free: No added sugars or high-sugar ingredients
- Raw vegan: Vegan foods not heated above 118°F (48°C)
- Whole30: No grains, dairy, legumes, sugar, alcohol, or processed foods
- Diabetic-friendly: Low glycemic index, controlled carbohydrates
- Low-sodium: Reduced sodium content for heart health

EVALUATION CRITERIA:
- PASS: The recipe clearly adheres to the dietary restriction with appropriate ingredients and preparation methods
- FAIL: The recipe contains ingredients or methods that violate the dietary restriction
- Consider both explicit ingredients and cooking methods
- Be strict but reasonable in your evaluation

Please analyze the query, dietary restriction, and recipe response, then provide your evaluation.

Query: I'm diabetic but I want to make a fruit cake for Christmas. My grandmother's recipe has tons of sugar and dried fruit but it's tradition and I can't just skip it this year. Is there any way to modify it so I can still participate in the family tradition without spiking my blood sugar?
Dietary Restriction: diabetic-friendly
Recipe Response: Absolutely, you can modify a traditional fruit cake recipe to make it healthier and more suitable for your needs without losing the essence of the dish. Here’s a diabetic-friendly fruit cake recipe that you're sure to love. This recipe still embraces the festive flavors of Christmas while being lower in sugar.

### Diabetic-Friendly Christmas Fruit Cake

**Servings: 2 (You can increase the quantities as needed)**

#### Ingredients:
- 1 cup mixed nuts (like walnuts, almonds, and pecans), chopped
- 1/2 cup unsweetened applesauce
- 1/4 cup honey or a sugar substitute like stevia (adjust based on taste)
- 1/2 teaspoon vanilla extract
- 1/2 teaspoon almond extract
- 1/2 teaspoon baking soda
- 1/2 teaspoon ground cinnamon
- 1/4 teaspoon ground nutmeg
- 1/4 teaspoon salt
- 1 cup whole wheat flour (or almond flour for a gluten-free option)
- 1/2 cup fresh or frozen berries (like blueberries or cranberries), chopped if large
- 1/4 cup chopped fresh or dried low-sugar fruits (optional, like unsweetened dried apricots or figs)

#### Instructions:

1. **Preheat the Oven**: Preheat your oven to 325°F (160°C). Grease a small cake pan (about 6 inches) or line it with parchment paper for easy removal.

2. **Mix Wet Ingredients**: In a large mixing bowl, combine the unsweetened applesauce, honey (or sugar substitute), vanilla extract, and almond extract. Whisk until smooth and well incorporated.

3. **Add the Dry Ingredients**: To the same bowl, stir in the baking soda, ground cinnamon, ground nutmeg, and salt. Mix thoroughly.

4. **Incorporate the Flour**: Gradually add the whole wheat flour to your wet mixture. Stir until just combined, being careful not to overmix—this helps to retain the cake's light texture.

5. **Fold in Nuts and Fruits**: Gently fold in the chopped mixed nuts, berries, and any optional dried fruit. Ensure they are evenly distributed through the batter.

6. **Pour and Level**: Pour the batter into the prepared cake pan and smooth the top with a spatula.

7. **Bake the Cake**: Place the cake in the preheated oven and bake for about 35-40 minutes, or until a toothpick inserted into the center comes out clean. 

8. **Cool Down**: Once baked, remove the cake from the oven and let it cool in the pan for about 10 minutes before transferring it to a wire rack to cool completely.

9. **Serve and Enjoy**: Once cooled, you can serve it as is, or decorate with a light dusting of cinnamon or a sprinkle of nuts on top. 

This modified fruit cake should satisfy your cravings while keeping your blood sugar in check. Enjoy your festive baking!

Return your response in this exact format:
""explanation"": ""Detailed explanation of your evaluation, citing specific ingredients or methods"",
""label"": ""PASS"" or ""FAIL"",
",Query_Information,CHAIN,,2025-08-05 03:02:44.838315+00:00,2025-08-05 03:02:55.882032+00:00,UNSET,,[],bfc95513685d039f,eac919b57ba621f399b5e3d17e672980,text/plain,"Absolutely, you can modify a traditional fruit cake recipe to make it healthier and more suitable for your needs without losing the essence of the dish. Here’s a diabetic-friendly fruit cake recipe that you're sure to love. This recipe still embraces the festive flavors of Christmas while being lower in sugar.

### Diabetic-Friendly Christmas Fruit Cake

**Servings: 2 (You can increase the quantities as needed)**

#### Ingredients:
- 1 cup mixed nuts (like walnuts, almonds, and pecans), chopped
- 1/2 cup unsweetened applesauce
- 1/4 cup honey or a sugar substitute like stevia (adjust based on taste)
- 1/2 teaspoon vanilla extract
- 1/2 teaspoon almond extract
- 1/2 teaspoon baking soda
- 1/2 teaspoon ground cinnamon
- 1/4 teaspoon ground nutmeg
- 1/4 teaspoon salt
- 1 cup whole wheat flour (or almond flour for a gluten-free option)
- 1/2 cup fresh or frozen berries (like blueberries or cranberries), chopped if large
- 1/4 cup chopped fresh or dried low-sugar fruits (optional, like unsweetened dried apricots or figs)

#### Instructions:

1. **Preheat the Oven**: Preheat your oven to 325°F (160°C). Grease a small cake pan (about 6 inches) or line it with parchment paper for easy removal.

2. **Mix Wet Ingredients**: In a large mixing bowl, combine the unsweetened applesauce, honey (or sugar substitute), vanilla extract, and almond extract. Whisk until smooth and well incorporated.

3. **Add the Dry Ingredients**: To the same bowl, stir in the baking soda, ground cinnamon, ground nutmeg, and salt. Mix thoroughly.

4. **Incorporate the Flour**: Gradually add the whole wheat flour to your wet mixture. Stir until just combined, being careful not to overmix—this helps to retain the cake's light texture.

5. **Fold in Nuts and Fruits**: Gently fold in the chopped mixed nuts, berries, and any optional dried fruit. Ensure they are evenly distributed through the batter.

6. **Pour and Level**: Pour the batter into the prepared cake pan and smooth the top with a spatula.

7. **Bake the Cake**: Place the cake in the preheated oven and bake for about 35-40 minutes, or until a toothpick inserted into the center comes out clean. 

8. **Cool Down**: Once baked, remove the cake from the oven and let it cool in the pan for about 10 minutes before transferring it to a wire rack to cool completely.

9. **Serve and Enjoy**: Once cooled, you can serve it as is, or decorate with a light dusting of cinnamon or a sprinkle of nuts on top. 

This modified fruit cake should satisfy your cravings while keeping your blood sugar in check. Enjoy your festive baking!",CHAIN,True,I'm diabetic but I want to make a fruit cake for Christmas. My grandmother's recipe has tons of sugar and dried fruit but it's tradition and I can't just skip it this year. Is there any way to modify it so I can still participate in the family tradition without spiking my blood sugar?,text/plain,22,32,diabetic-friendly,I'm diabetic but I want to make a fruit cake for Christmas. My grandmother's recipe has tons of sugar and dried fruit but it's tradition and I can't just skip it this year. Is there any way to modify it so I can still participate in the family tradition without spiking my blood sugar?
PASS,"The recipe for Keto Chocolate Mug Cake adheres to the keto dietary restriction. It uses almond flour, which is low in carbohydrates, and erythritol, a keto-friendly sweetener. The recipe avoids high-carb ingredients and uses unsweetened almond milk and cocoa powder, both suitable for a keto diet. The use of butter or coconut oil provides the necessary fats, and the overall carbohydrate content is kept low, aligning with keto guidelines.","You are an expert nutritionist and dietary specialist. Your task is to evaluate whether a recipe response properly adheres to the specified dietary restriction.

DIETARY RESTRICTION DEFINITIONS:
- Vegan: No animal products (meat, dairy, eggs, honey, etc.)
- Vegetarian: No meat or fish, but dairy and eggs are allowed
- Gluten-free: No wheat, barley, rye, or other gluten-containing grains
- Dairy-free: No milk, cheese, butter, yogurt, or other dairy products
- Keto: Very low carb (typically <20g net carbs), high fat, moderate protein
- Paleo: No grains, legumes, dairy, refined sugar, or processed foods
- Pescatarian: No meat except fish and seafood
- Kosher: Follows Jewish dietary laws (no pork, shellfish, mixing meat/dairy)
- Halal: Follows Islamic dietary laws (no pork, alcohol, proper slaughter)
- Nut-free: No tree nuts or peanuts
- Low-carb: Significantly reduced carbohydrates (typically <50g per day)
- Sugar-free: No added sugars or high-sugar ingredients
- Raw vegan: Vegan foods not heated above 118°F (48°C)
- Whole30: No grains, dairy, legumes, sugar, alcohol, or processed foods
- Diabetic-friendly: Low glycemic index, controlled carbohydrates
- Low-sodium: Reduced sodium content for heart health

EVALUATION CRITERIA:
- PASS: The recipe clearly adheres to the dietary restriction with appropriate ingredients and preparation methods
- FAIL: The recipe contains ingredients or methods that violate the dietary restriction
- Consider both explicit ingredients and cooking methods
- Be strict but reasonable in your evaluation

Please analyze the query, dietary restriction, and recipe response, then provide your evaluation.

Query: I'm on keto but I'm craving something sweet. Help?
Dietary Restriction: keto
Recipe Response: I have the perfect recipe for you: Keto Chocolate Mug Cake! This delightful treat is quick to make and satisfies your sweet cravings while keeping within your keto diet guidelines. 

**Serving Size:** 2

### Ingredients:
- 4 tablespoons almond flour
- 2 tablespoons unsweetened cocoa powder
- 2 tablespoons erythritol or your preferred keto-friendly sweetener
- 1/4 teaspoon baking powder
- 1 large egg
- 2 tablespoons unsweetened almond milk (or any unsweetened nut milk)
- 2 tablespoons melted butter or coconut oil
- 1/2 teaspoon vanilla extract (optional)
- A pinch of salt

### Instructions:

1. **Mix Dry Ingredients:** In a medium-sized microwave-safe mug or bowl, combine the almond flour, cocoa powder, erythritol, baking powder, and a pinch of salt. Stir these dry ingredients together until well mixed.

2. **Add Wet Ingredients:** To the dry mixture in the mug, add the egg, almond milk, melted butter (or coconut oil), and vanilla extract (if using). Using a fork or small whisk, thoroughly mix all the ingredients until you achieve a smooth batter. Make sure there are no flour clumps.

3. **Microwave the Cake:** Place the mug in the microwave and cook on high for about 60-90 seconds. Cooking times may vary depending on your microwave's wattage, so start checking at the 60-second mark. The cake should rise and be set in the middle when it’s done. Be careful not to overcook, as it can become dry.

4. **Let it Cool:** Once done, let the mug cake cool for a couple of minutes to avoid burns. It will continue to cook slightly as it cools.

5. **Serve:** You can enjoy your mug cake right out of the mug. If desired, top with a dollop of whipped heavy cream (sugar-free) or a sprinkle of chopped nuts for an extra touch.

This keto chocolate mug cake is rich, chocolatey, and incredibly easy to whip up in just a few minutes. Enjoy your sweet indulgence without the guilt!

Return your response in this exact format:
""explanation"": ""Detailed explanation of your evaluation, citing specific ingredients or methods"",
""label"": ""PASS"" or ""FAIL"",
",Query_Information,CHAIN,,2025-08-05 03:01:12.770035+00:00,2025-08-05 03:01:22.827622+00:00,UNSET,,[],54f78b34f19be6e5,888ebb0e0549bb04f5985ef78e7e5ff8,text/plain,"I have the perfect recipe for you: Keto Chocolate Mug Cake! This delightful treat is quick to make and satisfies your sweet cravings while keeping within your keto diet guidelines. 

**Serving Size:** 2

### Ingredients:
- 4 tablespoons almond flour
- 2 tablespoons unsweetened cocoa powder
- 2 tablespoons erythritol or your preferred keto-friendly sweetener
- 1/4 teaspoon baking powder
- 1 large egg
- 2 tablespoons unsweetened almond milk (or any unsweetened nut milk)
- 2 tablespoons melted butter or coconut oil
- 1/2 teaspoon vanilla extract (optional)
- A pinch of salt

### Instructions:

1. **Mix Dry Ingredients:** In a medium-sized microwave-safe mug or bowl, combine the almond flour, cocoa powder, erythritol, baking powder, and a pinch of salt. Stir these dry ingredients together until well mixed.

2. **Add Wet Ingredients:** To the dry mixture in the mug, add the egg, almond milk, melted butter (or coconut oil), and vanilla extract (if using). Using a fork or small whisk, thoroughly mix all the ingredients until you achieve a smooth batter. Make sure there are no flour clumps.

3. **Microwave the Cake:** Place the mug in the microwave and cook on high for about 60-90 seconds. Cooking times may vary depending on your microwave's wattage, so start checking at the 60-second mark. The cake should rise and be set in the middle when it’s done. Be careful not to overcook, as it can become dry.

4. **Let it Cool:** Once done, let the mug cake cool for a couple of minutes to avoid burns. It will continue to cook slightly as it cools.

5. **Serve:** You can enjoy your mug cake right out of the mug. If desired, top with a dollop of whipped heavy cream (sugar-free) or a sprinkle of chopped nuts for an extra touch.

This keto chocolate mug cake is rich, chocolatey, and incredibly easy to whip up in just a few minutes. Enjoy your sweet indulgence without the guilt!",CHAIN,True,I'm on keto but I'm craving something sweet. Help?,text/plain,15,25,keto,I'm on keto but I'm craving something sweet. Help?
FAIL,"The recipe response attempts to modify a traditional fruit cake to be more diabetic-friendly by reducing sugar content and using low-glycemic sweeteners. However, it still includes 1 cup of mixed dried fruits, which are high in natural sugars and can significantly impact blood sugar levels. Additionally, the use of honey, even in small amounts, is not ideal for a diabetic-friendly recipe due to its high glycemic index. While the recipe suggests using a low-glycemic sweetener as an alternative, the presence of dried fruits and honey makes it unsuitable for strict diabetic-friendly guidelines. The use of whole wheat flour is also not optimal, as it can contribute to carbohydrate intake. A more appropriate modification would involve using only low-glycemic sweeteners and significantly reducing or eliminating dried fruits.","You are an expert nutritionist and dietary specialist. Your task is to evaluate whether a recipe response properly adheres to the specified dietary restriction.

DIETARY RESTRICTION DEFINITIONS:
- Vegan: No animal products (meat, dairy, eggs, honey, etc.)
- Vegetarian: No meat or fish, but dairy and eggs are allowed
- Gluten-free: No wheat, barley, rye, or other gluten-containing grains
- Dairy-free: No milk, cheese, butter, yogurt, or other dairy products
- Keto: Very low carb (typically <20g net carbs), high fat, moderate protein
- Paleo: No grains, legumes, dairy, refined sugar, or processed foods
- Pescatarian: No meat except fish and seafood
- Kosher: Follows Jewish dietary laws (no pork, shellfish, mixing meat/dairy)
- Halal: Follows Islamic dietary laws (no pork, alcohol, proper slaughter)
- Nut-free: No tree nuts or peanuts
- Low-carb: Significantly reduced carbohydrates (typically <50g per day)
- Sugar-free: No added sugars or high-sugar ingredients
- Raw vegan: Vegan foods not heated above 118°F (48°C)
- Whole30: No grains, dairy, legumes, sugar, alcohol, or processed foods
- Diabetic-friendly: Low glycemic index, controlled carbohydrates
- Low-sodium: Reduced sodium content for heart health

EVALUATION CRITERIA:
- PASS: The recipe clearly adheres to the dietary restriction with appropriate ingredients and preparation methods
- FAIL: The recipe contains ingredients or methods that violate the dietary restriction
- Consider both explicit ingredients and cooking methods
- Be strict but reasonable in your evaluation

Please analyze the query, dietary restriction, and recipe response, then provide your evaluation.

Query: I'm diabetic but I want to make a fruit cake for Christmas. My grandmother's recipe has tons of sugar and dried fruit but it's tradition and I can't just skip it this year. Is there any way to modify it so I can still participate in the family tradition without spiking my blood sugar?
Dietary Restriction: diabetic-friendly
Recipe Response: Absolutely! You can enjoy a modified fruit cake that still honors your family tradition while being more diabetes-friendly. Here’s a recipe for a Low-Sugar Fruit Cake that serves 2 people:

### Low-Sugar Mixed Fruit Cake

#### Ingredients:
- 1 cup mixed dried fruits (choose unsweetened varieties like apricots, cherries, and figs)
- 1/2 cup unsweetened applesauce
- 2 tablespoons honey or a low-glycemic sweetener (like stevia or monk fruit)
- 1/2 cup whole wheat flour (or almond flour for a gluten-free option)
- 1/2 teaspoon baking powder
- 1/2 teaspoon ground cinnamon
- 1/4 teaspoon ground nutmeg
- 1/4 teaspoon salt
- 1/4 cup chopped nuts (like walnuts or pecans)
- 1/4 cup unsweetened apple juice or orange juice
- 1 teaspoon vanilla extract
- 1/2 teaspoon lemon zest (optional)

#### Instructions:

1. **Preheat the Oven**: Preheat your oven to 325°F (160°C) and grease a small loaf pan or line it with parchment paper for easy removal.

2. **Prepare the Dried Fruits**: Chop the mixed dried fruits into small pieces if they are large. This will help them distribute evenly throughout the cake.

3. **Mix Dry Ingredients**: In a medium-sized bowl, combine the whole wheat flour, baking powder, ground cinnamon, ground nutmeg, and salt. Whisk these ingredients together to ensure they are evenly mixed.

4. **Combine Wet Ingredients**: In a separate bowl, mix the applesauce, honey or low-glycemic sweetener, unsweetened juice, vanilla extract, and lemon zest (if using). Stir well until combined.

5. **Combine Mixtures**: Gradually add the wet ingredients into the dry ingredients, stirring gently until just combined. Be careful not to overmix, as this can make the cake tough.

6. **Fold in Fruits and Nuts**: Gently fold in the chopped dried fruits and nuts until they are evenly distributed throughout the batter.

7. **Pour and Bake**: Pour the batter into your prepared loaf pan. Spread it evenly with a spatula. Bake in the preheated oven for about 30-35 minutes or until a toothpick inserted in the center comes out clean.

8. **Cool and Serve**: Allow the fruit cake to cool in the pan for about 10 minutes before transferring it to a wire rack to cool completely. Once cooled, slice it into thick pieces to serve.

#### Serving Suggestions:
You can enjoy this fruit cake on its own or with a small dollop of Greek yogurt for added creaminess. This recipe will still have the essence of your traditional fruit cake but with a fraction of the sugar, making it more suitable for your dietary needs.

Enjoy your modified Christmas tradition!

Return your response in this exact format:
""explanation"": ""Detailed explanation of your evaluation, citing specific ingredients or methods"",
""label"": ""PASS"" or ""FAIL"",
",Query_Information,CHAIN,,2025-08-05 03:02:42.832166+00:00,2025-08-05 03:02:57.149143+00:00,UNSET,,[],4936dcc82e71a1b1,0029584223b55935c0439f804fa61261,text/plain,"Absolutely! You can enjoy a modified fruit cake that still honors your family tradition while being more diabetes-friendly. Here’s a recipe for a Low-Sugar Fruit Cake that serves 2 people:

### Low-Sugar Mixed Fruit Cake

#### Ingredients:
- 1 cup mixed dried fruits (choose unsweetened varieties like apricots, cherries, and figs)
- 1/2 cup unsweetened applesauce
- 2 tablespoons honey or a low-glycemic sweetener (like stevia or monk fruit)
- 1/2 cup whole wheat flour (or almond flour for a gluten-free option)
- 1/2 teaspoon baking powder
- 1/2 teaspoon ground cinnamon
- 1/4 teaspoon ground nutmeg
- 1/4 teaspoon salt
- 1/4 cup chopped nuts (like walnuts or pecans)
- 1/4 cup unsweetened apple juice or orange juice
- 1 teaspoon vanilla extract
- 1/2 teaspoon lemon zest (optional)

#### Instructions:

1. **Preheat the Oven**: Preheat your oven to 325°F (160°C) and grease a small loaf pan or line it with parchment paper for easy removal.

2. **Prepare the Dried Fruits**: Chop the mixed dried fruits into small pieces if they are large. This will help them distribute evenly throughout the cake.

3. **Mix Dry Ingredients**: In a medium-sized bowl, combine the whole wheat flour, baking powder, ground cinnamon, ground nutmeg, and salt. Whisk these ingredients together to ensure they are evenly mixed.

4. **Combine Wet Ingredients**: In a separate bowl, mix the applesauce, honey or low-glycemic sweetener, unsweetened juice, vanilla extract, and lemon zest (if using). Stir well until combined.

5. **Combine Mixtures**: Gradually add the wet ingredients into the dry ingredients, stirring gently until just combined. Be careful not to overmix, as this can make the cake tough.

6. **Fold in Fruits and Nuts**: Gently fold in the chopped dried fruits and nuts until they are evenly distributed throughout the batter.

7. **Pour and Bake**: Pour the batter into your prepared loaf pan. Spread it evenly with a spatula. Bake in the preheated oven for about 30-35 minutes or until a toothpick inserted in the center comes out clean.

8. **Cool and Serve**: Allow the fruit cake to cool in the pan for about 10 minutes before transferring it to a wire rack to cool completely. Once cooled, slice it into thick pieces to serve.

#### Serving Suggestions:
You can enjoy this fruit cake on its own or with a small dollop of Greek yogurt for added creaminess. This recipe will still have the essence of your traditional fruit cake but with a fraction of the sugar, making it more suitable for your dietary needs.

Enjoy your modified Christmas tradition!",CHAIN,True,I'm diabetic but I want to make a fruit cake for Christmas. My grandmother's recipe has tons of sugar and dried fruit but it's tradition and I can't just skip it this year. Is there any way to modify it so I can still participate in the family tradition without spiking my blood sugar?,text/plain,22,27,diabetic-friendly,I'm diabetic but I want to make a fruit cake for Christmas. My grandmother's recipe has tons of sugar and dried fruit but it's tradition and I can't just skip it this year. Is there any way to modify it so I can still participate in the family tradition without spiking my blood sugar?
PASS,"The recipe for the Sugar-Free Almond Flour Birthday Cake is suitable for a diabetic-friendly diet. It uses almond flour, which is low in carbohydrates and has a low glycemic index, making it a good choice for managing blood sugar levels. The recipe replaces sugar with erythritol, a sugar substitute that does not significantly affect blood glucose levels. Unsweetened applesauce is used for moisture and a hint of sweetness without adding significant sugar content. The use of unsweetened almond milk further ensures that the recipe remains low in carbohydrates. Overall, the ingredients and preparation methods align well with the needs of someone managing diabetes, as they focus on low glycemic and low carbohydrate components.","You are an expert nutritionist and dietary specialist. Your task is to evaluate whether a recipe response properly adheres to the specified dietary restriction.

DIETARY RESTRICTION DEFINITIONS:
- Vegan: No animal products (meat, dairy, eggs, honey, etc.)
- Vegetarian: No meat or fish, but dairy and eggs are allowed
- Gluten-free: No wheat, barley, rye, or other gluten-containing grains
- Dairy-free: No milk, cheese, butter, yogurt, or other dairy products
- Keto: Very low carb (typically <20g net carbs), high fat, moderate protein
- Paleo: No grains, legumes, dairy, refined sugar, or processed foods
- Pescatarian: No meat except fish and seafood
- Kosher: Follows Jewish dietary laws (no pork, shellfish, mixing meat/dairy)
- Halal: Follows Islamic dietary laws (no pork, alcohol, proper slaughter)
- Nut-free: No tree nuts or peanuts
- Low-carb: Significantly reduced carbohydrates (typically <50g per day)
- Sugar-free: No added sugars or high-sugar ingredients
- Raw vegan: Vegan foods not heated above 118°F (48°C)
- Whole30: No grains, dairy, legumes, sugar, alcohol, or processed foods
- Diabetic-friendly: Low glycemic index, controlled carbohydrates
- Low-sodium: Reduced sodium content for heart health

EVALUATION CRITERIA:
- PASS: The recipe clearly adheres to the dietary restriction with appropriate ingredients and preparation methods
- FAIL: The recipe contains ingredients or methods that violate the dietary restriction
- Consider both explicit ingredients and cooking methods
- Be strict but reasonable in your evaluation

Please analyze the query, dietary restriction, and recipe response, then provide your evaluation.

Query: I want to make a birthday cake but I'm diabetic. Something that still tastes good?
Dietary Restriction: diabetic-friendly
Recipe Response: Here’s a delightful recipe for a **Sugar-Free Almond Flour Birthday Cake**. This cake is moist, flavorful, and perfect for celebrating, all while being diabetic-friendly. 

### Sugar-Free Almond Flour Birthday Cake

**Servings:** 2 (You may double it for a larger cake!)

#### Ingredients:
- 1 cup almond flour
- 1/4 cup erythritol (or another sugar substitute of your choice)
- 2 large eggs
- 1/4 cup unsweetened applesauce (this will add moisture and some sweetness)
- 1/4 cup unsweetened almond milk (or any preferred milk)
- 1 tsp baking powder
- 1/2 tsp vanilla extract
- A pinch of salt

#### Instructions:

1. **Preheat the Oven:** Start by preheating your oven to 350°F (175°C). Grease a small round cake pan (6-inch works well) or line it with parchment paper to prevent sticking.

2. **Mix Dry Ingredients:** In a mixing bowl, combine the almond flour, erythritol, baking powder, and salt. Whisk these dry ingredients together until they are well blended. 

3. **Combine Wet Ingredients:** In a separate bowl, whisk together the eggs, unsweetened applesauce, almond milk, and vanilla extract until smooth and creamy.

4. **Combine Both Mixtures:** Gradually add the wet mixture into the dry ingredients bowl. Use a spatula to fold the mixture together gently until just combined. Avoid overmixing to keep the cake tender.

5. **Pour into Pan:** Transfer the batter into your prepared cake pan, smoothing the top with the spatula. Tap the pan lightly on the counter to release any air bubbles.

6. **Bake the Cake:** Place the pan in the preheated oven and bake for about 25-30 minutes, or until a toothpick inserted in the center comes out clean. 

7. **Cool the Cake:** Once baked, remove the cake from the oven and let it cool in the pan for about 10 minutes. Then, carefully transfer it to a wire rack to cool completely.

8. **Frosting (Optional):** If you'd like, consider making a simple sugar-free frosting using cream cheese, a bit of erythritol, and vanilla extract, whipped until smooth.

9. **Serve and Enjoy:** Once the cake is completely cooled, slice it in half horizontally if you want to layer it, or serve as is. Enjoy your delicious and diabetes-friendly birthday cake! 

This cake is not only a great treat for special occasions, but it's also low in carbs and can satisfy a sweet tooth without spiking blood sugar levels. Happy birthday!

Return your response in this exact format:
""explanation"": ""Detailed explanation of your evaluation, citing specific ingredients or methods"",
""label"": ""PASS"" or ""FAIL"",
",Query_Information,CHAIN,,2025-08-05 02:59:05.452367+00:00,2025-08-05 02:59:18.645693+00:00,UNSET,,[],5e80c6b7c9db34e3,cac1cdc56a8390dda56d552c53e5535d,text/plain,"Here’s a delightful recipe for a **Sugar-Free Almond Flour Birthday Cake**. This cake is moist, flavorful, and perfect for celebrating, all while being diabetic-friendly. 

### Sugar-Free Almond Flour Birthday Cake

**Servings:** 2 (You may double it for a larger cake!)

#### Ingredients:
- 1 cup almond flour
- 1/4 cup erythritol (or another sugar substitute of your choice)
- 2 large eggs
- 1/4 cup unsweetened applesauce (this will add moisture and some sweetness)
- 1/4 cup unsweetened almond milk (or any preferred milk)
- 1 tsp baking powder
- 1/2 tsp vanilla extract
- A pinch of salt

#### Instructions:

1. **Preheat the Oven:** Start by preheating your oven to 350°F (175°C). Grease a small round cake pan (6-inch works well) or line it with parchment paper to prevent sticking.

2. **Mix Dry Ingredients:** In a mixing bowl, combine the almond flour, erythritol, baking powder, and salt. Whisk these dry ingredients together until they are well blended. 

3. **Combine Wet Ingredients:** In a separate bowl, whisk together the eggs, unsweetened applesauce, almond milk, and vanilla extract until smooth and creamy.

4. **Combine Both Mixtures:** Gradually add the wet mixture into the dry ingredients bowl. Use a spatula to fold the mixture together gently until just combined. Avoid overmixing to keep the cake tender.

5. **Pour into Pan:** Transfer the batter into your prepared cake pan, smoothing the top with the spatula. Tap the pan lightly on the counter to release any air bubbles.

6. **Bake the Cake:** Place the pan in the preheated oven and bake for about 25-30 minutes, or until a toothpick inserted in the center comes out clean. 

7. **Cool the Cake:** Once baked, remove the cake from the oven and let it cool in the pan for about 10 minutes. Then, carefully transfer it to a wire rack to cool completely.

8. **Frosting (Optional):** If you'd like, consider making a simple sugar-free frosting using cream cheese, a bit of erythritol, and vanilla extract, whipped until smooth.

9. **Serve and Enjoy:** Once the cake is completely cooled, slice it in half horizontally if you want to layer it, or serve as is. Enjoy your delicious and diabetes-friendly birthday cake! 

This cake is not only a great treat for special occasions, but it's also low in carbs and can satisfy a sweet tooth without spiking blood sugar levels. Happy birthday!",CHAIN,True,I want to make a birthday cake but I'm diabetic. Something that still tastes good?,text/plain,7,5,diabetic-friendly,I want to make a birthday cake but I'm diabetic. Something that still tastes good?
PASS,"The recipe adheres to the pescatarian dietary restriction as it includes shrimp, which is allowed in a pescatarian diet. The recipe does not include any meat other than seafood, which aligns with the pescatarian guidelines. The optional use of Parmesan cheese is also acceptable in a pescatarian diet, as it does not restrict dairy products.","You are an expert nutritionist and dietary specialist. Your task is to evaluate whether a recipe response properly adheres to the specified dietary restriction.

DIETARY RESTRICTION DEFINITIONS:
- Vegan: No animal products (meat, dairy, eggs, honey, etc.)
- Vegetarian: No meat or fish, but dairy and eggs are allowed
- Gluten-free: No wheat, barley, rye, or other gluten-containing grains
- Dairy-free: No milk, cheese, butter, yogurt, or other dairy products
- Keto: Very low carb (typically <20g net carbs), high fat, moderate protein
- Paleo: No grains, legumes, dairy, refined sugar, or processed foods
- Pescatarian: No meat except fish and seafood
- Kosher: Follows Jewish dietary laws (no pork, shellfish, mixing meat/dairy)
- Halal: Follows Islamic dietary laws (no pork, alcohol, proper slaughter)
- Nut-free: No tree nuts or peanuts
- Low-carb: Significantly reduced carbohydrates (typically <50g per day)
- Sugar-free: No added sugars or high-sugar ingredients
- Raw vegan: Vegan foods not heated above 118°F (48°C)
- Whole30: No grains, dairy, legumes, sugar, alcohol, or processed foods
- Diabetic-friendly: Low glycemic index, controlled carbohydrates
- Low-sodium: Reduced sodium content for heart health

EVALUATION CRITERIA:
- PASS: The recipe clearly adheres to the dietary restriction with appropriate ingredients and preparation methods
- FAIL: The recipe contains ingredients or methods that violate the dietary restriction
- Consider both explicit ingredients and cooking methods
- Be strict but reasonable in your evaluation

Please analyze the query, dietary restriction, and recipe response, then provide your evaluation.

Query: I'm pescatarian but I hate fish. Can you give me a seafood pasta recipe?
Dietary Restriction: pescatarian
Recipe Response: Absolutely! I'll share a delicious Pesto Shrimp Pasta recipe that is perfect for a pescatarian diet without a fishy flavor. This recipe serves 2 people.

### Pesto Shrimp Pasta

#### Ingredients:
- 200 grams (about 7 oz) of spaghetti or your choice of pasta
- 200 grams (about 7 oz) of shrimp, peeled and deveined
- 2 tablespoons of olive oil
- 1 cup of fresh basil pesto (store-bought or homemade)
- 1 clove of garlic, minced
- 1/4 teaspoon of red pepper flakes (optional, for a bit of heat)
- Salt and pepper to taste
- Grated Parmesan cheese (for serving, optional)
- Fresh basil leaves (for garnish, optional)

#### Instructions:

1. **Cook the Pasta:** 
   - Bring a large pot of salted water to a boil. Add the spaghetti and cook according to package instructions until al dente. Once cooked, reserve 1/2 cup of the pasta water and then drain the pasta in a colander.

2. **Prepare the Shrimp:**
   - While the pasta is cooking, heat the olive oil in a large skillet over medium heat. Add the minced garlic and sauté for about 30 seconds until fragrant (be careful not to burn it).
   - Add the shrimp to the skillet. Season with a pinch of salt, pepper, and the red pepper flakes if you’re using them. Sauté the shrimp for about 2-3 minutes on each side, or until they turn pink and opaque. 

3. **Combine Pasta and Pesto:**
   - Once the shrimp are cooked, lower the heat and add the drained pasta to the skillet. Pour in the basil pesto and toss to combine. If the mixture seems too dry, add a little of the reserved pasta water, one tablespoon at a time, until you reach the desired consistency.

4. **Taste and Serve:**
   - Taste the pasta and adjust seasoning with more salt and pepper if needed. Remove from heat.
   - Plate the Pasta Pesto with Shrimp and sprinkle with freshly grated Parmesan cheese and garnish with fresh basil leaves if desired.

5. **Enjoy!**
   - Serve immediately while hot, and enjoy your flavorful Pesto Shrimp Pasta!

This dish is bursting with flavor and is easy to prepare, making it a wonderful meal for any night. Enjoy your cooking!

Return your response in this exact format:
""explanation"": ""Detailed explanation of your evaluation, citing specific ingredients or methods"",
""label"": ""PASS"" or ""FAIL"",
",Query_Information,CHAIN,,2025-08-05 02:59:43.557210+00:00,2025-08-05 02:59:52.600555+00:00,UNSET,,[],9a1d14892245d5a8,f5018ccd38b8984e8995ebec90de338b,text/plain,"Absolutely! I'll share a delicious Pesto Shrimp Pasta recipe that is perfect for a pescatarian diet without a fishy flavor. This recipe serves 2 people.

### Pesto Shrimp Pasta

#### Ingredients:
- 200 grams (about 7 oz) of spaghetti or your choice of pasta
- 200 grams (about 7 oz) of shrimp, peeled and deveined
- 2 tablespoons of olive oil
- 1 cup of fresh basil pesto (store-bought or homemade)
- 1 clove of garlic, minced
- 1/4 teaspoon of red pepper flakes (optional, for a bit of heat)
- Salt and pepper to taste
- Grated Parmesan cheese (for serving, optional)
- Fresh basil leaves (for garnish, optional)

#### Instructions:

1. **Cook the Pasta:** 
   - Bring a large pot of salted water to a boil. Add the spaghetti and cook according to package instructions until al dente. Once cooked, reserve 1/2 cup of the pasta water and then drain the pasta in a colander.

2. **Prepare the Shrimp:**
   - While the pasta is cooking, heat the olive oil in a large skillet over medium heat. Add the minced garlic and sauté for about 30 seconds until fragrant (be careful not to burn it).
   - Add the shrimp to the skillet. Season with a pinch of salt, pepper, and the red pepper flakes if you’re using them. Sauté the shrimp for about 2-3 minutes on each side, or until they turn pink and opaque. 

3. **Combine Pasta and Pesto:**
   - Once the shrimp are cooked, lower the heat and add the drained pasta to the skillet. Pour in the basil pesto and toss to combine. If the mixture seems too dry, add a little of the reserved pasta water, one tablespoon at a time, until you reach the desired consistency.

4. **Taste and Serve:**
   - Taste the pasta and adjust seasoning with more salt and pepper if needed. Remove from heat.
   - Plate the Pasta Pesto with Shrimp and sprinkle with freshly grated Parmesan cheese and garnish with fresh basil leaves if desired.

5. **Enjoy!**
   - Serve immediately while hot, and enjoy your flavorful Pesto Shrimp Pasta!

This dish is bursting with flavor and is easy to prepare, making it a wonderful meal for any night. Enjoy your cooking!",CHAIN,True,I'm pescatarian but I hate fish. Can you give me a seafood pasta recipe?,text/plain,10,8,pescatarian,I'm pescatarian but I hate fish. Can you give me a seafood pasta recipe?
PASS,"The recipe for Keto Chocolate Avocado Mousse adheres to the keto dietary restriction. It uses ingredients that are low in carbohydrates and high in healthy fats, which is suitable for a keto diet. The sweeteners suggested (erythritol, stevia, or monk fruit) are keto-friendly as they do not significantly impact blood sugar levels. The use of unsweetened cocoa powder and unsweetened almond milk also aligns with keto guidelines, as they are low in carbs. The preparation method does not introduce any non-keto elements.","You are an expert nutritionist and dietary specialist. Your task is to evaluate whether a recipe response properly adheres to the specified dietary restriction.

DIETARY RESTRICTION DEFINITIONS:
- Vegan: No animal products (meat, dairy, eggs, honey, etc.)
- Vegetarian: No meat or fish, but dairy and eggs are allowed
- Gluten-free: No wheat, barley, rye, or other gluten-containing grains
- Dairy-free: No milk, cheese, butter, yogurt, or other dairy products
- Keto: Very low carb (typically <20g net carbs), high fat, moderate protein
- Paleo: No grains, legumes, dairy, refined sugar, or processed foods
- Pescatarian: No meat except fish and seafood
- Kosher: Follows Jewish dietary laws (no pork, shellfish, mixing meat/dairy)
- Halal: Follows Islamic dietary laws (no pork, alcohol, proper slaughter)
- Nut-free: No tree nuts or peanuts
- Low-carb: Significantly reduced carbohydrates (typically <50g per day)
- Sugar-free: No added sugars or high-sugar ingredients
- Raw vegan: Vegan foods not heated above 118°F (48°C)
- Whole30: No grains, dairy, legumes, sugar, alcohol, or processed foods
- Diabetic-friendly: Low glycemic index, controlled carbohydrates
- Low-sodium: Reduced sodium content for heart health

EVALUATION CRITERIA:
- PASS: The recipe clearly adheres to the dietary restriction with appropriate ingredients and preparation methods
- FAIL: The recipe contains ingredients or methods that violate the dietary restriction
- Consider both explicit ingredients and cooking methods
- Be strict but reasonable in your evaluation

Please analyze the query, dietary restriction, and recipe response, then provide your evaluation.

Query: I'm on keto but I'm craving something sweet. Help?
Dietary Restriction: keto
Recipe Response: I have the perfect recipe for you: **Keto Chocolate Avocado Mousse**. This dessert is rich, creamy, and will satisfy your sweet tooth while keeping you within your keto goals. It serves 2 people.

### Ingredients:
- 1 ripe avocado
- 2 tablespoons unsweetened cocoa powder
- 2-4 tablespoons of your preferred keto-friendly sweetener (e.g., erythritol, stevia, or monk fruit)
- 1 teaspoon vanilla extract
- A pinch of salt
- 2-4 tablespoons of unsweetened almond milk (adjust for desired consistency)

### Instructions:

1. **Prepare the Avocado**: Start by cutting the avocado in half, removing the pit, and scooping the flesh into a mixing bowl. Avocados are the base of this mousse, giving it a silky texture.

2. **Blend Ingredients Together**: Add the unsweetened cocoa powder, your chosen keto sweetener (start with 2 tablespoons and adjust to taste), vanilla extract, and a pinch of salt to the bowl with the avocado. 

3. **Add Almond Milk**: Pour in 2 tablespoons of unsweetened almond milk. This will help in achieving a creamy consistency. If you prefer a thinner mousse, you can add more milk later.

4. **Blend Until Smooth**: Using an immersion blender, a regular blender, or a food processor, blend all the ingredients together until smooth and creamy. Make sure there are no lumps of avocado remaining. You want a luscious mousse-like texture; if it’s too thick, add more almond milk a tablespoon at a time until you reach your desired consistency.

5. **Taste and Adjust**: Give the mousse a taste. If it’s not sweet enough for your preference, add a bit more sweetener and blend again to combine.

6. **Chill (Optional)**: For the best experience, refrigerate the mousse for about 30 minutes before serving. This allows the flavors to meld together beautifully and makes it even more refreshing.

7. **Serve**: Spoon the mousse into dessert bowls or glasses. You can top it with a dollop of whipped cream or a sprinkle of unsweetened cocoa powder for added presentation, if desired.

Enjoy your delicious Keto Chocolate Avocado Mousse! Each serving is rich in healthy fats and will definitely curb that sweet craving.

Return your response in this exact format:
""explanation"": ""Detailed explanation of your evaluation, citing specific ingredients or methods"",
""label"": ""PASS"" or ""FAIL"",
",Query_Information,CHAIN,,2025-08-05 03:01:04.585403+00:00,2025-08-05 03:01:12.769869+00:00,UNSET,,[],ae2bab30859a8cd7,a7965d6280be00843a32f63ea2074026,text/plain,"I have the perfect recipe for you: **Keto Chocolate Avocado Mousse**. This dessert is rich, creamy, and will satisfy your sweet tooth while keeping you within your keto goals. It serves 2 people.

### Ingredients:
- 1 ripe avocado
- 2 tablespoons unsweetened cocoa powder
- 2-4 tablespoons of your preferred keto-friendly sweetener (e.g., erythritol, stevia, or monk fruit)
- 1 teaspoon vanilla extract
- A pinch of salt
- 2-4 tablespoons of unsweetened almond milk (adjust for desired consistency)

### Instructions:

1. **Prepare the Avocado**: Start by cutting the avocado in half, removing the pit, and scooping the flesh into a mixing bowl. Avocados are the base of this mousse, giving it a silky texture.

2. **Blend Ingredients Together**: Add the unsweetened cocoa powder, your chosen keto sweetener (start with 2 tablespoons and adjust to taste), vanilla extract, and a pinch of salt to the bowl with the avocado. 

3. **Add Almond Milk**: Pour in 2 tablespoons of unsweetened almond milk. This will help in achieving a creamy consistency. If you prefer a thinner mousse, you can add more milk later.

4. **Blend Until Smooth**: Using an immersion blender, a regular blender, or a food processor, blend all the ingredients together until smooth and creamy. Make sure there are no lumps of avocado remaining. You want a luscious mousse-like texture; if it’s too thick, add more almond milk a tablespoon at a time until you reach your desired consistency.

5. **Taste and Adjust**: Give the mousse a taste. If it’s not sweet enough for your preference, add a bit more sweetener and blend again to combine.

6. **Chill (Optional)**: For the best experience, refrigerate the mousse for about 30 minutes before serving. This allows the flavors to meld together beautifully and makes it even more refreshing.

7. **Serve**: Spoon the mousse into dessert bowls or glasses. You can top it with a dollop of whipped cream or a sprinkle of unsweetened cocoa powder for added presentation, if desired.

Enjoy your delicious Keto Chocolate Avocado Mousse! Each serving is rich in healthy fats and will definitely curb that sweet craving.",CHAIN,True,I'm on keto but I'm craving something sweet. Help?,text/plain,15,4,keto,I'm on keto but I'm craving something sweet. Help?
PASS,"The recipe for Keto Chocolate Avocado Mousse adheres to the keto dietary restriction. It uses ingredients that are low in carbohydrates and high in healthy fats, which is suitable for a keto diet. The sweetener used is erythritol, a keto-friendly option that does not impact blood sugar levels. The recipe avoids high-carb ingredients and instead uses avocado, cocoa powder, and almond or coconut milk, all of which are appropriate for a keto diet. The preparation method does not introduce any non-keto elements, ensuring the dessert remains low in carbs.","You are an expert nutritionist and dietary specialist. Your task is to evaluate whether a recipe response properly adheres to the specified dietary restriction.

DIETARY RESTRICTION DEFINITIONS:
- Vegan: No animal products (meat, dairy, eggs, honey, etc.)
- Vegetarian: No meat or fish, but dairy and eggs are allowed
- Gluten-free: No wheat, barley, rye, or other gluten-containing grains
- Dairy-free: No milk, cheese, butter, yogurt, or other dairy products
- Keto: Very low carb (typically <20g net carbs), high fat, moderate protein
- Paleo: No grains, legumes, dairy, refined sugar, or processed foods
- Pescatarian: No meat except fish and seafood
- Kosher: Follows Jewish dietary laws (no pork, shellfish, mixing meat/dairy)
- Halal: Follows Islamic dietary laws (no pork, alcohol, proper slaughter)
- Nut-free: No tree nuts or peanuts
- Low-carb: Significantly reduced carbohydrates (typically <50g per day)
- Sugar-free: No added sugars or high-sugar ingredients
- Raw vegan: Vegan foods not heated above 118°F (48°C)
- Whole30: No grains, dairy, legumes, sugar, alcohol, or processed foods
- Diabetic-friendly: Low glycemic index, controlled carbohydrates
- Low-sodium: Reduced sodium content for heart health

EVALUATION CRITERIA:
- PASS: The recipe clearly adheres to the dietary restriction with appropriate ingredients and preparation methods
- FAIL: The recipe contains ingredients or methods that violate the dietary restriction
- Consider both explicit ingredients and cooking methods
- Be strict but reasonable in your evaluation

Please analyze the query, dietary restriction, and recipe response, then provide your evaluation.

Query: I'm on keto but I'm craving something sweet. Help?
Dietary Restriction: keto
Recipe Response: I have a delicious recipe for **Keto Chocolate Avocado Mousse** that will satisfy your sweet tooth while keeping you in line with your keto diet. This creamy, rich dessert is not only low in carbs but also offers a healthy dose of fats. Serves 2.

### Ingredients:
- 1 ripe avocado
- 2 tablespoons unsweetened cocoa powder
- 3 tablespoons erythritol or another keto-friendly sweetener (adjust to taste)
- 1 teaspoon vanilla extract
- 2-3 tablespoons unsweetened almond milk (or coconut milk), or as needed for consistency
- A pinch of sea salt

### Instructions:

1. **Prepare the Avocado**: Cut the ripe avocado in half and remove the pit. Scoop the flesh into a mixing bowl. Make sure the avocado is perfectly ripe; this will give you a smooth, creamy texture.

2. **Add Cocoa Powder**: Sprinkle the unsweetened cocoa powder over the avocado. Cocoa powder is what gives the mousse its rich chocolate flavor, so don't skimp on this!

3. **Sweeten It Up**: Add the erythritol (or your chosen sweetener) to the bowl. You can adjust the amount based on your preference for sweetness. Remember, keto desserts tend to be less sweet than their traditional counterparts, so start with less and add more if desired.

4. **Add Flavor**: Pour in the vanilla extract and add a pinch of sea salt. The salt helps to enhance the flavor of the chocolate and balances the sweetness.

5. **Blend Until Smooth**: Using a hand mixer or a food processor, blend all the ingredients together until completely smooth and creamy. If the mixture is too thick, slowly add almond milk (or coconut milk) one tablespoon at a time until you reach your desired consistency. It should be velvety and not too runny.

6. **Taste and Adjust**: Give your mousse a taste. If you desire more sweetness, you can add a little more sweetener and blend again.

7. **Chill**: Once everything is well blended, transfer the mousse into serving dishes or bowls. Cover with plastic wrap and refrigerate for at least 30 minutes to allow the flavors to meld and the mousse to chill.

8. **Garnish (Optional)**: If you have any keto-friendly toppings like whipped cream (made with heavy cream) or a sprinkle of cacao nibs, feel free to add those right before serving.

### Serving:
Serve the mousse chilled, and enjoy this guilt-free treat that is both delicious and satisfying. Perfect for a keto-friendly dessert!

Return your response in this exact format:
""explanation"": ""Detailed explanation of your evaluation, citing specific ingredients or methods"",
""label"": ""PASS"" or ""FAIL"",
",Query_Information,CHAIN,,2025-08-05 03:01:07.648966+00:00,2025-08-05 03:01:16.371203+00:00,UNSET,,[],58ad06bed8dff65c,611a3b0dff1f8c5cae46b09891939847,text/plain,"I have a delicious recipe for **Keto Chocolate Avocado Mousse** that will satisfy your sweet tooth while keeping you in line with your keto diet. This creamy, rich dessert is not only low in carbs but also offers a healthy dose of fats. Serves 2.

### Ingredients:
- 1 ripe avocado
- 2 tablespoons unsweetened cocoa powder
- 3 tablespoons erythritol or another keto-friendly sweetener (adjust to taste)
- 1 teaspoon vanilla extract
- 2-3 tablespoons unsweetened almond milk (or coconut milk), or as needed for consistency
- A pinch of sea salt

### Instructions:

1. **Prepare the Avocado**: Cut the ripe avocado in half and remove the pit. Scoop the flesh into a mixing bowl. Make sure the avocado is perfectly ripe; this will give you a smooth, creamy texture.

2. **Add Cocoa Powder**: Sprinkle the unsweetened cocoa powder over the avocado. Cocoa powder is what gives the mousse its rich chocolate flavor, so don't skimp on this!

3. **Sweeten It Up**: Add the erythritol (or your chosen sweetener) to the bowl. You can adjust the amount based on your preference for sweetness. Remember, keto desserts tend to be less sweet than their traditional counterparts, so start with less and add more if desired.

4. **Add Flavor**: Pour in the vanilla extract and add a pinch of sea salt. The salt helps to enhance the flavor of the chocolate and balances the sweetness.

5. **Blend Until Smooth**: Using a hand mixer or a food processor, blend all the ingredients together until completely smooth and creamy. If the mixture is too thick, slowly add almond milk (or coconut milk) one tablespoon at a time until you reach your desired consistency. It should be velvety and not too runny.

6. **Taste and Adjust**: Give your mousse a taste. If you desire more sweetness, you can add a little more sweetener and blend again.

7. **Chill**: Once everything is well blended, transfer the mousse into serving dishes or bowls. Cover with plastic wrap and refrigerate for at least 30 minutes to allow the flavors to meld and the mousse to chill.

8. **Garnish (Optional)**: If you have any keto-friendly toppings like whipped cream (made with heavy cream) or a sprinkle of cacao nibs, feel free to add those right before serving.

### Serving:
Serve the mousse chilled, and enjoy this guilt-free treat that is both delicious and satisfying. Perfect for a keto-friendly dessert!",CHAIN,True,I'm on keto but I'm craving something sweet. Help?,text/plain,15,14,keto,I'm on keto but I'm craving something sweet. Help?
PASS,"The recipe for Raw Vegan Chocolate Avocado Mousse adheres to the raw vegan dietary restriction. All ingredients used are plant-based and do not involve any animal products, which satisfies the vegan requirement. The use of raw cacao powder instead of processed cocoa powder ensures that the ingredients are not heated above 118°F, maintaining the raw aspect of the diet. Maple syrup is a plant-based sweetener that is acceptable in raw vegan diets. Almond milk is a non-dairy milk option, and the recipe does not involve any cooking or heating processes that would exceed the raw temperature limit. Optional toppings like fresh berries, coconut flakes, or chopped nuts are also raw vegan-friendly. Therefore, the recipe meets all the criteria for a raw vegan dish.","You are an expert nutritionist and dietary specialist. Your task is to evaluate whether a recipe response properly adheres to the specified dietary restriction.

DIETARY RESTRICTION DEFINITIONS:
- Vegan: No animal products (meat, dairy, eggs, honey, etc.)
- Vegetarian: No meat or fish, but dairy and eggs are allowed
- Gluten-free: No wheat, barley, rye, or other gluten-containing grains
- Dairy-free: No milk, cheese, butter, yogurt, or other dairy products
- Keto: Very low carb (typically <20g net carbs), high fat, moderate protein
- Paleo: No grains, legumes, dairy, refined sugar, or processed foods
- Pescatarian: No meat except fish and seafood
- Kosher: Follows Jewish dietary laws (no pork, shellfish, mixing meat/dairy)
- Halal: Follows Islamic dietary laws (no pork, alcohol, proper slaughter)
- Nut-free: No tree nuts or peanuts
- Low-carb: Significantly reduced carbohydrates (typically <50g per day)
- Sugar-free: No added sugars or high-sugar ingredients
- Raw vegan: Vegan foods not heated above 118°F (48°C)
- Whole30: No grains, dairy, legumes, sugar, alcohol, or processed foods
- Diabetic-friendly: Low glycemic index, controlled carbohydrates
- Low-sodium: Reduced sodium content for heart health

EVALUATION CRITERIA:
- PASS: The recipe clearly adheres to the dietary restriction with appropriate ingredients and preparation methods
- FAIL: The recipe contains ingredients or methods that violate the dietary restriction
- Consider both explicit ingredients and cooking methods
- Be strict but reasonable in your evaluation

Please analyze the query, dietary restriction, and recipe response, then provide your evaluation.

Query: Raw vegan dessert for a potluck that won't weird people out
Dietary Restriction: raw vegan
Recipe Response: **Raw Vegan Chocolate Avocado Mousse**

This rich and creamy raw vegan chocolate mousse is a crowd-pleaser and perfect for a potluck! It’s made with simple ingredients and is sure to impress your guests without any strange flavors. This recipe serves 2, but you can easily double or triple it for a larger gathering.

### Ingredients:
- 1 ripe avocado
- 2 tablespoons raw cacao powder (or unsweetened cocoa powder)
- 2 tablespoons maple syrup (adjust to taste)
- 1 tablespoon almond milk (or any non-dairy milk)
- 1 teaspoon vanilla extract
- A pinch of sea salt
- Optional toppings: fresh berries, coconut flakes, or chopped nuts

### Instructions:

1. **Prepare the Avocado**: Cut the ripe avocado in half and remove the pit. Scoop the flesh into a food processor or blender. The avocado should be soft and creamy; this will be the base for your mousse.

2. **Add Ingredients**: Into the food processor, add the raw cacao powder, maple syrup, almond milk, vanilla extract, and a pinch of sea salt. 

3. **Blend Until Smooth**: Close the lid and blend until you achieve a silky-smooth consistency. Scrape down the sides of the bowl as necessary to make sure everything is well blended. Taste the mousse and adjust sweetness if needed by adding more maple syrup.

4. **Chill**: Once the mousse is creamy and smooth, transfer it to a bowl or individual serving cups. Cover and place in the refrigerator for about 30 minutes to chill. This will also help the flavors to meld together beautifully.

5. **Serve**: When ready to serve, scoop the mousse into dishes (if you haven’t already) and add your choice of toppings like fresh berries, shredded coconut, or chopped nuts for added texture and flavor.

6. **Enjoy**: Present the mousse at your potluck with a smile, and prepare for compliments as guests enjoy this delightful and healthy dessert!

This recipe is not only delicious but also packed with healthy fats from the avocado and antioxidants from the cacao. Enjoy sharing this wonderful treat!

Return your response in this exact format:
""explanation"": ""Detailed explanation of your evaluation, citing specific ingredients or methods"",
""label"": ""PASS"" or ""FAIL"",
",Query_Information,CHAIN,,2025-08-05 03:02:28.765149+00:00,2025-08-05 03:02:36.276941+00:00,UNSET,,[],101abb1e322746cb,def2e3b5a5c75b5c464fa34ea4f9010e,text/plain,"**Raw Vegan Chocolate Avocado Mousse**

This rich and creamy raw vegan chocolate mousse is a crowd-pleaser and perfect for a potluck! It’s made with simple ingredients and is sure to impress your guests without any strange flavors. This recipe serves 2, but you can easily double or triple it for a larger gathering.

### Ingredients:
- 1 ripe avocado
- 2 tablespoons raw cacao powder (or unsweetened cocoa powder)
- 2 tablespoons maple syrup (adjust to taste)
- 1 tablespoon almond milk (or any non-dairy milk)
- 1 teaspoon vanilla extract
- A pinch of sea salt
- Optional toppings: fresh berries, coconut flakes, or chopped nuts

### Instructions:

1. **Prepare the Avocado**: Cut the ripe avocado in half and remove the pit. Scoop the flesh into a food processor or blender. The avocado should be soft and creamy; this will be the base for your mousse.

2. **Add Ingredients**: Into the food processor, add the raw cacao powder, maple syrup, almond milk, vanilla extract, and a pinch of sea salt. 

3. **Blend Until Smooth**: Close the lid and blend until you achieve a silky-smooth consistency. Scrape down the sides of the bowl as necessary to make sure everything is well blended. Taste the mousse and adjust sweetness if needed by adding more maple syrup.

4. **Chill**: Once the mousse is creamy and smooth, transfer it to a bowl or individual serving cups. Cover and place in the refrigerator for about 30 minutes to chill. This will also help the flavors to meld together beautifully.

5. **Serve**: When ready to serve, scoop the mousse into dishes (if you haven’t already) and add your choice of toppings like fresh berries, shredded coconut, or chopped nuts for added texture and flavor.

6. **Enjoy**: Present the mousse at your potluck with a smile, and prepare for compliments as guests enjoy this delightful and healthy dessert!

This recipe is not only delicious but also packed with healthy fats from the avocado and antioxidants from the cacao. Enjoy sharing this wonderful treat!",CHAIN,True,Raw vegan dessert for a potluck that won't weird people out,text/plain,21,15,raw vegan,Raw vegan dessert for a potluck that won't weird people out
FAIL,"The recipe attempts to modify a traditional fruit cake to be more suitable for someone with diabetes by using unsweetened applesauce and unsweetened almond milk, which are lower in sugar compared to traditional ingredients. However, it still includes whole wheat flour, which has a moderate glycemic index, and dried fruits like raisins and prunes, which are high in natural sugars and can significantly impact blood sugar levels. While the recipe suggests using unsweetened or no sugar added dried fruits, these still contain concentrated natural sugars. Additionally, the inclusion of fresh fruits, although healthier, can also contribute to a higher glycemic load. The recipe does not sufficiently control carbohydrate content or focus on low glycemic index ingredients, which are crucial for a diabetic-friendly diet.","You are an expert nutritionist and dietary specialist. Your task is to evaluate whether a recipe response properly adheres to the specified dietary restriction.

DIETARY RESTRICTION DEFINITIONS:
- Vegan: No animal products (meat, dairy, eggs, honey, etc.)
- Vegetarian: No meat or fish, but dairy and eggs are allowed
- Gluten-free: No wheat, barley, rye, or other gluten-containing grains
- Dairy-free: No milk, cheese, butter, yogurt, or other dairy products
- Keto: Very low carb (typically <20g net carbs), high fat, moderate protein
- Paleo: No grains, legumes, dairy, refined sugar, or processed foods
- Pescatarian: No meat except fish and seafood
- Kosher: Follows Jewish dietary laws (no pork, shellfish, mixing meat/dairy)
- Halal: Follows Islamic dietary laws (no pork, alcohol, proper slaughter)
- Nut-free: No tree nuts or peanuts
- Low-carb: Significantly reduced carbohydrates (typically <50g per day)
- Sugar-free: No added sugars or high-sugar ingredients
- Raw vegan: Vegan foods not heated above 118°F (48°C)
- Whole30: No grains, dairy, legumes, sugar, alcohol, or processed foods
- Diabetic-friendly: Low glycemic index, controlled carbohydrates
- Low-sodium: Reduced sodium content for heart health

EVALUATION CRITERIA:
- PASS: The recipe clearly adheres to the dietary restriction with appropriate ingredients and preparation methods
- FAIL: The recipe contains ingredients or methods that violate the dietary restriction
- Consider both explicit ingredients and cooking methods
- Be strict but reasonable in your evaluation

Please analyze the query, dietary restriction, and recipe response, then provide your evaluation.

Query: I'm diabetic but I want to make a fruit cake for Christmas. My grandmother's recipe has tons of sugar and dried fruit but it's tradition and I can't just skip it this year. Is there any way to modify it so I can still participate in the family tradition without spiking my blood sugar?
Dietary Restriction: diabetic-friendly
Recipe Response: Absolutely! You can create a delicious diabetic-friendly fruit cake that still captures the essence of tradition while being mindful of your health. Here’s a modified fruit cake recipe that uses natural sweetness without the added sugars, and is suitable for two people.

### Diabetic-Friendly Christmas Fruit Cake

#### Ingredients:
- 1 cup whole wheat flour
- 1/2 teaspoon baking powder
- 1/2 teaspoon baking soda
- 1/4 teaspoon salt
- 1/2 teaspoon ground cinnamon
- 1/4 teaspoon ground nutmeg
- 1/2 cup unsweetened applesauce
- 1/4 cup unsweetened almond milk (or any unsweetened milk alternative)
- 1 teaspoon vanilla extract
- 1/2 cup chopped nuts (walnuts, pecans, or almonds)
- 1/2 cup mixed dried fruits (such as prunes, unsweetened coconut flakes, and raisins) - make sure they're unsweetened or no sugar added
- 1/2 cup fresh diced fruits (like apples, pears, or berries)
- Optional: Zest of one orange or lemon for extra flavor

#### Instructions:

1. **Preheat the Oven**: Preheat your oven to 325°F (165°C). Prepare a small loaf pan by greasing it lightly with olive oil or lining it with parchment paper.

2. **Mix Dry Ingredients**: In a medium bowl, combine the whole wheat flour, baking powder, baking soda, salt, ground cinnamon, and ground nutmeg. Whisk them together until evenly distributed.

3. **Combine Wet Ingredients**: In a separate large bowl, mix the unsweetened applesauce, unsweetened almond milk, and vanilla extract. If you're using citrus zest, add that to the wet ingredients as well.

4. **Combine Dry and Wet Ingredients**: Gradually add the dry ingredients to the wet mixture, stirring gently to combine. Be careful not to overmix; stop as soon as there are no dry flour bits visible.

5. **Add Fruits and Nuts**: Fold in the chopped nuts, mixed dried fruits, and fresh diced fruits until evenly dispersed throughout the batter. The dried fruits will add a natural sweetness that complements the cake.

6. ** pour into the Pan**: Transfer the batter into the prepared loaf pan, smoothing the top with a spatula. 

7. **Bake**: Bake in the preheated oven for about 40-45 minutes, or until a toothpick inserted into the center comes out clean. 

8. **Cool**: Once baked, remove the cake from the oven and let it cool in the pan for about 10 minutes. Then, carefully transfer it to a wire rack to cool completely.

9. **Serve**: Once cooled, slice the cake and serve it as a festive treat. You can enjoy it plain or with a spread of cream cheese or plain yogurt on top for added flavor.

### Serving Size:
This recipe makes approximately 2 servings, but can be adapted for more by multiplying the ingredients. 

Enjoy this healthier version of a classic fruit cake and savor the spirit of the holiday season without compromising on your dietary needs!

Return your response in this exact format:
""explanation"": ""Detailed explanation of your evaluation, citing specific ingredients or methods"",
""label"": ""PASS"" or ""FAIL"",
",Query_Information,CHAIN,,2025-08-05 03:02:35.704335+00:00,2025-08-05 03:02:47.716775+00:00,UNSET,,[],9f75e7b64ce7000e,ef6d5a36274cade052abbb72ba30a21f,text/plain,"Absolutely! You can create a delicious diabetic-friendly fruit cake that still captures the essence of tradition while being mindful of your health. Here’s a modified fruit cake recipe that uses natural sweetness without the added sugars, and is suitable for two people.

### Diabetic-Friendly Christmas Fruit Cake

#### Ingredients:
- 1 cup whole wheat flour
- 1/2 teaspoon baking powder
- 1/2 teaspoon baking soda
- 1/4 teaspoon salt
- 1/2 teaspoon ground cinnamon
- 1/4 teaspoon ground nutmeg
- 1/2 cup unsweetened applesauce
- 1/4 cup unsweetened almond milk (or any unsweetened milk alternative)
- 1 teaspoon vanilla extract
- 1/2 cup chopped nuts (walnuts, pecans, or almonds)
- 1/2 cup mixed dried fruits (such as prunes, unsweetened coconut flakes, and raisins) - make sure they're unsweetened or no sugar added
- 1/2 cup fresh diced fruits (like apples, pears, or berries)
- Optional: Zest of one orange or lemon for extra flavor

#### Instructions:

1. **Preheat the Oven**: Preheat your oven to 325°F (165°C). Prepare a small loaf pan by greasing it lightly with olive oil or lining it with parchment paper.

2. **Mix Dry Ingredients**: In a medium bowl, combine the whole wheat flour, baking powder, baking soda, salt, ground cinnamon, and ground nutmeg. Whisk them together until evenly distributed.

3. **Combine Wet Ingredients**: In a separate large bowl, mix the unsweetened applesauce, unsweetened almond milk, and vanilla extract. If you're using citrus zest, add that to the wet ingredients as well.

4. **Combine Dry and Wet Ingredients**: Gradually add the dry ingredients to the wet mixture, stirring gently to combine. Be careful not to overmix; stop as soon as there are no dry flour bits visible.

5. **Add Fruits and Nuts**: Fold in the chopped nuts, mixed dried fruits, and fresh diced fruits until evenly dispersed throughout the batter. The dried fruits will add a natural sweetness that complements the cake.

6. ** pour into the Pan**: Transfer the batter into the prepared loaf pan, smoothing the top with a spatula. 

7. **Bake**: Bake in the preheated oven for about 40-45 minutes, or until a toothpick inserted into the center comes out clean. 

8. **Cool**: Once baked, remove the cake from the oven and let it cool in the pan for about 10 minutes. Then, carefully transfer it to a wire rack to cool completely.

9. **Serve**: Once cooled, slice the cake and serve it as a festive treat. You can enjoy it plain or with a spread of cream cheese or plain yogurt on top for added flavor.

### Serving Size:
This recipe makes approximately 2 servings, but can be adapted for more by multiplying the ingredients. 

Enjoy this healthier version of a classic fruit cake and savor the spirit of the holiday season without compromising on your dietary needs!",CHAIN,True,I'm diabetic but I want to make a fruit cake for Christmas. My grandmother's recipe has tons of sugar and dried fruit but it's tradition and I can't just skip it this year. Is there any way to modify it so I can still participate in the family tradition without spiking my blood sugar?,text/plain,22,2,diabetic-friendly,I'm diabetic but I want to make a fruit cake for Christmas. My grandmother's recipe has tons of sugar and dried fruit but it's tradition and I can't just skip it this year. Is there any way to modify it so I can still participate in the family tradition without spiking my blood sugar?
